1501755,1,1,1,no_image.png
1501756,2,2,2,no_image.png
1501757,3,3,3,no_image.png
1501758,4,4,4,no_image.png
1501759,5,5,5,no_image.png
1501760,6,6,6,no_image.png
1501761,7,7,7,no_image.png
1501762,8,8,8,no_image.png
1501763,9,9,9,no_image.png
1501764,10,10,10,no_image.png
1501765,11,11,11,no_image.png
1501766,12,12,12,no_image.png
1501767,13,13,13,no_image.png
1501768,14,14,14,no_image.png
1501769,15,15,15,no_image.png
1501770,16,16,16,no_image.png
1501771,17,17,17,no_image.png
1501772,18,18,18,no_image.png
1501773,19,19,19,no_image.png
1501774,20,20,20,no_image.png
1501775,21,21,21,no_image.png
1501776,22,22,22,no_image.png
1501777,23,23,23,no_image.png
1501778,24,24,23,no_image.png
1501779,25,25,23,no_image.png
1501780,26,26,23,no_image.png
1501781,27,27,23,no_image.png
1501782,28,28,23,no_image.png
1501783,29,29,23,no_image.png
1501784,30,30,23,no_image.png
1501785,31,23,23,no_image.png
1501786,32,24,23,no_image.png
1501787,33,25,23,no_image.png
1501788,34,26,23,no_image.png
1501789,35,27,23,no_image.png
1501790,36,28,23,no_image.png
1501791,37,29,23,no_image.png
1501792,38,30,23,no_image.png
1501793,39,23,23,no_image.png
1501794,40,24,23,no_image.png
1501795,41,25,23,no_image.png
1501796,42,26,23,no_image.png
1501797,43,27,23,no_image.png
1501798,44,28,23,no_image.png
1501799,45,29,23,no_image.png
1501800,46,30,23,no_image.png
1501801,47,23,23,no_image.png
1501802,48,24,23,no_image.png
1501803,49,25,23,no_image.png
1501804,50,26,23,no_image.png
1501805,51,27,23,no_image.png
1501806,52,28,23,no_image.png
1501807,53,29,23,no_image.png
1501808,54,30,23,no_image.png
1501809,55,23,23,no_image.png
1501810,56,24,23,no_image.png
1501811,57,25,23,no_image.png
1501812,58,26,23,no_image.png
1501813,59,27,23,no_image.png
1501814,60,28,23,no_image.png
1501815,61,29,23,no_image.png
1501816,62,30,23,no_image.png
1501817,63,23,23,no_image.png
1501818,64,24,23,no_image.png
1501819,65,25,23,no_image.png
1501820,66,26,23,no_image.png
1501821,67,27,23,no_image.png
1501822,68,28,23,no_image.png
1501823,69,29,23,no_image.png
1501824,70,30,23,no_image.png
1501825,71,23,23,no_image.png
1501826,72,24,23,no_image.png
1501827,73,25,23,no_image.png
1501828,74,26,23,no_image.png
1501829,75,27,23,no_image.png
1501830,76,28,23,no_image.png
1501831,77,29,23,no_image.png
1501832,78,30,23,no_image.png
1501833,79,23,23,no_image.png
1501834,80,24,23,no_image.png
1501835,81,25,23,no_image.png
1501836,82,26,23,no_image.png
1501837,83,27,23,no_image.png
1501838,84,28,23,no_image.png
1501839,85,29,23,no_image.png
1501840,86,30,23,no_image.png
1501841,87,23,23,no_image.png
1501842,88,24,23,no_image.png
1501843,89,25,23,no_image.png
1501844,90,26,23,no_image.png
1501845,91,27,23,no_image.png
1501846,92,28,23,no_image.png
1501847,93,29,23,no_image.png
1501848,94,30,23,no_image.png
1501849,95,23,23,no_image.png
1501850,96,24,23,no_image.png
1501851,97,25,23,no_image.png
1501852,98,26,23,no_image.png
1501853,99,27,23,no_image.png
1501854,100,28,23,no_image.png
1501855,101,29,23,no_image.png
1501856,102,30,23,no_image.png
1501857,103,23,23,no_image.png
1501858,104,24,23,no_image.png
1501859,105,25,23,no_image.png
1501860,106,26,23,no_image.png
1501861,107,27,23,no_image.png
1501862,108,28,23,no_image.png
1501863,109,29,23,no_image.png
1501864,110,30,23,no_image.png
1501865,111,23,23,no_image.png
1501866,112,24,23,no_image.png
1501867,113,25,23,no_image.png
1501868,114,26,23,no_image.png
1501869,115,27,23,no_image.png
1501870,116,28,23,no_image.png
1501871,117,29,23,no_image.png
1501872,118,30,23,no_image.png
1501873,119,23,23,no_image.png
1501874,120,24,23,no_image.png
1501875,121,25,23,no_image.png
1501876,122,26,23,no_image.png
1501877,123,27,23,no_image.png
1501878,124,28,23,no_image.png
1501879,125,29,23,no_image.png
1501880,126,30,23,no_image.png
1501881,127,23,23,no_image.png
1501882,128,24,23,no_image.png
1501883,129,25,23,no_image.png
1501884,130,26,23,no_image.png
1501885,131,27,23,no_image.png
1501886,132,28,23,no_image.png
1501887,133,29,23,no_image.png
1501888,134,30,23,no_image.png
1501889,135,23,23,no_image.png
1501890,136,24,23,no_image.png
1501891,137,25,23,no_image.png
1501892,138,26,23,no_image.png
1501893,139,27,23,no_image.png
1501894,140,28,23,no_image.png
1501895,141,29,23,no_image.png
1501896,142,30,23,no_image.png
1501897,143,23,23,no_image.png
1501898,144,24,23,no_image.png
1501899,145,25,23,no_image.png
1501900,146,26,23,no_image.png
1501901,147,27,23,no_image.png
1501902,148,28,23,no_image.png
1501903,149,29,23,no_image.png
1501904,150,30,23,no_image.png
1501905,151,23,23,no_image.png
1501906,152,24,23,no_image.png
1501907,153,25,23,no_image.png
1501908,154,26,23,no_image.png
1501909,155,27,23,no_image.png
1501910,156,28,23,no_image.png
1501911,157,29,23,no_image.png
1501912,158,30,23,no_image.png
1501913,159,23,23,no_image.png
1501914,160,24,23,no_image.png
1501915,161,25,23,no_image.png
1501916,162,26,23,no_image.png
1501917,163,27,23,no_image.png
1501918,164,28,23,no_image.png
1501919,165,29,23,no_image.png
1501920,166,30,23,no_image.png
1501921,167,23,23,no_image.png
1501922,168,24,23,no_image.png
1501923,169,25,23,no_image.png
1501924,170,26,23,no_image.png
1501925,171,27,23,no_image.png
1501926,172,28,23,no_image.png
1501927,173,29,23,no_image.png
1501928,174,30,23,no_image.png
1501929,175,23,23,no_image.png
1501930,176,24,23,no_image.png
1501931,177,25,23,no_image.png
1501932,178,26,23,no_image.png
1501933,179,27,23,no_image.png
1501934,180,28,23,no_image.png
1501935,181,29,23,no_image.png
1501936,182,30,23,no_image.png
1501937,183,23,23,no_image.png
1501938,184,24,23,no_image.png
1501939,185,25,23,no_image.png
1501940,186,26,23,no_image.png
1501941,187,27,23,no_image.png
1501942,188,28,23,no_image.png
1501943,189,29,23,no_image.png
1501944,190,30,23,no_image.png
1501945,191,23,23,no_image.png
1501946,192,24,23,no_image.png
1501947,193,25,23,no_image.png
1501948,194,26,23,no_image.png
1501949,195,27,23,no_image.png
1501950,196,28,23,no_image.png
1501951,197,29,23,no_image.png
1501952,198,30,23,no_image.png
1501953,199,23,23,no_image.png
1501954,200,24,23,no_image.png
1501955,201,25,23,no_image.png
1501956,202,26,23,no_image.png
1501957,203,27,23,no_image.png
1501958,204,28,23,no_image.png
1501959,205,29,23,no_image.png
1501960,206,30,23,no_image.png
1501961,207,23,23,no_image.png
1501962,208,24,23,no_image.png
1501963,209,25,23,no_image.png
1501964,210,26,23,no_image.png
1501965,211,27,23,no_image.png
1501966,212,28,23,no_image.png
1501967,213,29,23,no_image.png
1501968,214,30,23,no_image.png
1501969,215,23,23,no_image.png
1501970,216,24,23,no_image.png
1501971,217,25,23,no_image.png
1501972,218,26,23,no_image.png
1501973,219,27,23,no_image.png
1501974,220,28,23,no_image.png
1501975,221,29,23,no_image.png
1501976,222,30,23,no_image.png
1501977,223,23,23,no_image.png
1501978,224,24,23,no_image.png
1501979,225,25,23,no_image.png
1501980,226,26,23,no_image.png
1501981,227,27,23,no_image.png
1501982,228,28,23,no_image.png
1501983,229,29,23,no_image.png
1501984,230,30,23,no_image.png
1501985,231,23,23,no_image.png
1501986,232,24,23,no_image.png
1501987,233,25,23,no_image.png
1501988,234,26,23,no_image.png
1501989,235,27,23,no_image.png
1501990,236,28,23,no_image.png
1501991,237,29,23,no_image.png
1501992,238,30,23,no_image.png
1501993,239,23,23,no_image.png
1501994,240,24,23,no_image.png
1501995,241,25,23,no_image.png
1501996,242,26,23,no_image.png
1501997,243,27,23,no_image.png
1501998,244,28,23,no_image.png
1501999,245,29,23,no_image.png
1502000,246,30,23,no_image.png
1502001,247,23,23,no_image.png
1502002,248,24,23,no_image.png
1502003,249,25,23,no_image.png
1502004,250,26,23,no_image.png
1502005,251,27,23,no_image.png
1502006,252,28,23,no_image.png
1502007,253,29,23,no_image.png
1502008,254,30,23,no_image.png
1502009,255,23,23,no_image.png
1502010,256,24,23,no_image.png
1502011,257,25,23,no_image.png
1502012,258,26,23,no_image.png
1502013,259,27,23,no_image.png
1502014,260,28,23,no_image.png
1502015,261,29,23,no_image.png
1502016,262,30,23,no_image.png
1502017,263,23,23,no_image.png
1502018,264,24,23,no_image.png
1502019,265,25,23,no_image.png
1502020,266,26,23,no_image.png
1502021,267,27,23,no_image.png
1502022,268,28,23,no_image.png
1502023,269,29,23,no_image.png
1502024,270,30,23,no_image.png
1502025,271,23,23,no_image.png
1502026,272,24,23,no_image.png
1502027,273,25,23,no_image.png
1502028,274,26,23,no_image.png
1502029,275,27,23,no_image.png
1502030,276,28,23,no_image.png
1502031,277,29,23,no_image.png
1502032,278,30,23,no_image.png
1502033,279,23,23,no_image.png
1502034,280,24,23,no_image.png
1502035,281,25,23,no_image.png
1502036,282,26,23,no_image.png
1502037,283,27,23,no_image.png
1502038,284,28,23,no_image.png
1502039,285,29,23,no_image.png
1502040,286,30,23,no_image.png
1502041,287,23,23,no_image.png
1502042,288,24,23,no_image.png
1502043,289,25,23,no_image.png
1502044,290,26,23,no_image.png
1502045,291,27,23,no_image.png
1502046,292,28,23,no_image.png
1502047,293,29,23,no_image.png
1502048,294,30,23,no_image.png
1502049,295,23,23,no_image.png
1502050,296,24,23,no_image.png
1502051,297,25,23,no_image.png
1502052,298,26,23,no_image.png
1502053,299,27,23,no_image.png
1502054,300,28,23,no_image.png
1502055,301,29,23,no_image.png
1502056,302,30,23,no_image.png
1502057,303,23,23,no_image.png
1502058,304,24,23,no_image.png
1502059,305,25,23,no_image.png
1502060,306,26,23,no_image.png
1502061,307,27,23,no_image.png
1502062,308,28,23,no_image.png
1502063,309,29,23,no_image.png
1502064,310,30,23,no_image.png
1502065,311,23,23,no_image.png
1502066,312,24,23,no_image.png
1502067,313,25,23,no_image.png
1502068,314,26,23,no_image.png
1502069,315,27,23,no_image.png
1502070,316,28,23,no_image.png
1502071,317,29,23,no_image.png
1502072,318,30,23,no_image.png
1502073,319,23,23,no_image.png
1502074,320,24,23,no_image.png
1502075,321,25,23,no_image.png
1502076,322,26,23,no_image.png
1502077,323,27,23,no_image.png
1502078,324,28,23,no_image.png
1502079,325,29,23,no_image.png
1502080,326,30,23,no_image.png
1502081,327,23,23,no_image.png
1502082,328,24,23,no_image.png
1502083,329,25,23,no_image.png
1502084,330,26,23,no_image.png
1502085,331,27,23,no_image.png
1502086,332,28,23,no_image.png
1502087,333,29,23,no_image.png
1502088,334,30,23,no_image.png
1502089,335,23,23,no_image.png
1502090,336,24,23,no_image.png
1502091,337,25,23,no_image.png
1502092,338,26,23,no_image.png
1502093,339,27,23,no_image.png
1502094,340,28,23,no_image.png
1502095,341,29,23,no_image.png
1502096,342,30,23,no_image.png
1502097,343,23,23,no_image.png
1502098,344,24,23,no_image.png
1502099,345,25,23,no_image.png
1502100,346,26,23,no_image.png
1502101,347,27,23,no_image.png
1502102,348,28,23,no_image.png
1502103,349,29,23,no_image.png
1502104,350,30,23,no_image.png
1502105,351,23,23,no_image.png
1502106,352,24,23,no_image.png
1502107,353,25,23,no_image.png
1502108,354,26,23,no_image.png
1502109,355,27,23,no_image.png
1502110,356,28,23,no_image.png
1502111,357,29,23,no_image.png
1502112,358,30,23,no_image.png
1502113,359,23,23,no_image.png
1502114,360,24,23,no_image.png
1502115,361,25,23,no_image.png
1502116,362,26,23,no_image.png
1502117,363,27,23,no_image.png
1502118,364,28,23,no_image.png
1502119,365,29,23,no_image.png
1502120,366,30,23,no_image.png
1502121,367,23,23,no_image.png
1502122,368,24,23,no_image.png
1502123,369,25,23,no_image.png
1502124,370,26,23,no_image.png
1502125,371,27,23,no_image.png
1502126,372,28,23,no_image.png
1502127,373,29,23,no_image.png
1502128,374,30,23,no_image.png
1502129,375,23,23,no_image.png
1502130,376,24,23,no_image.png
1502131,377,25,23,no_image.png
1502132,378,26,23,no_image.png
1502133,379,27,23,no_image.png
1502134,380,28,23,no_image.png
1502135,381,29,23,no_image.png
1502136,382,30,23,no_image.png
1502137,383,23,23,no_image.png
1502138,384,24,23,no_image.png
1502139,385,25,23,no_image.png
1502140,386,26,23,no_image.png
1502141,387,27,23,no_image.png
1502142,388,28,23,no_image.png
1502143,389,29,23,no_image.png
1502144,390,30,23,no_image.png
1502145,391,23,23,no_image.png
1502146,392,24,23,no_image.png
1502147,393,25,23,no_image.png
1502148,394,26,23,no_image.png
1502149,395,27,23,no_image.png
1502150,396,28,23,no_image.png
1502151,397,29,23,no_image.png
1502152,398,30,23,no_image.png
1502153,399,23,23,no_image.png
1502154,400,24,23,no_image.png
1502155,401,25,23,no_image.png
1502156,402,26,23,no_image.png
1502157,403,27,23,no_image.png
1502158,404,28,23,no_image.png
1502159,405,29,23,no_image.png
1502160,406,30,23,no_image.png
1502161,407,23,23,no_image.png
1502162,408,24,23,no_image.png
1502163,409,25,23,no_image.png
1502164,410,26,23,no_image.png
1502165,411,27,23,no_image.png
1502166,412,28,23,no_image.png
1502167,413,29,23,no_image.png
1502168,414,30,23,no_image.png
1502169,415,23,23,no_image.png
1502170,416,24,23,no_image.png
1502171,417,25,23,no_image.png
1502172,418,26,23,no_image.png
1502173,419,27,23,no_image.png
1502174,420,28,23,no_image.png
1502175,421,29,23,no_image.png
1502176,422,30,23,no_image.png
1502177,423,23,23,no_image.png
1502178,424,24,23,no_image.png
1502179,425,25,23,no_image.png
1502180,426,26,23,no_image.png
1502181,427,27,23,no_image.png
1502182,428,28,23,no_image.png
1502183,429,29,23,no_image.png
1502184,430,30,23,no_image.png
1502185,431,23,23,no_image.png
1502186,432,24,23,no_image.png
1502187,433,25,23,no_image.png
1502188,434,26,23,no_image.png
1502189,435,27,23,no_image.png
1502190,436,28,23,no_image.png
1502191,437,29,23,no_image.png
1502192,438,30,23,no_image.png
1502193,439,23,23,no_image.png
1502194,440,24,23,no_image.png
1502195,441,25,23,no_image.png
1502196,442,26,23,no_image.png
1502197,443,27,23,no_image.png
1502198,444,28,23,no_image.png
1502199,445,29,23,no_image.png
1502200,446,30,23,no_image.png
1502201,447,23,23,no_image.png
1502202,448,24,23,no_image.png
1502203,449,25,23,no_image.png
1502204,450,26,23,no_image.png
1502205,451,27,23,no_image.png
1502206,452,28,23,no_image.png
1502207,453,29,23,no_image.png
1502208,454,30,23,no_image.png
1502209,455,23,23,no_image.png
1502210,456,24,23,no_image.png
1502211,457,25,23,no_image.png
1502212,458,26,23,no_image.png
1502213,459,27,23,no_image.png
1502214,460,28,23,no_image.png
1502215,461,29,23,no_image.png
1502216,462,30,23,no_image.png
1502217,463,23,23,no_image.png
1502218,464,24,23,no_image.png
1502219,465,25,23,no_image.png
1502220,466,26,23,no_image.png
1502221,467,27,23,no_image.png
1502222,468,28,23,no_image.png
1502223,469,29,23,no_image.png
1502224,470,30,23,no_image.png
1502225,471,23,23,no_image.png
1502226,472,24,23,no_image.png
1502227,473,25,23,no_image.png
1502228,474,26,23,no_image.png
1502229,475,27,23,no_image.png
1502230,476,28,23,no_image.png
1502231,477,29,23,no_image.png
1502232,478,30,23,no_image.png
1502233,479,23,23,no_image.png
1502234,480,24,23,no_image.png
1502235,481,25,23,no_image.png
1502236,482,26,23,no_image.png
1502237,483,27,23,no_image.png
1502238,484,28,23,no_image.png
1502239,485,29,23,no_image.png
1502240,486,30,23,no_image.png
1502241,487,23,23,no_image.png
1502242,488,24,23,no_image.png
1502243,489,25,23,no_image.png
1502244,490,26,23,no_image.png
1502245,491,27,23,no_image.png
1502246,492,28,23,no_image.png
1502247,493,29,23,no_image.png
1502248,494,30,23,no_image.png
1502249,495,23,23,no_image.png
1502250,496,24,23,no_image.png
1502251,497,25,23,no_image.png
1502252,498,26,23,no_image.png
1502253,499,27,23,no_image.png
1502254,500,28,23,no_image.png
1502255,501,29,23,no_image.png
1502256,502,30,23,no_image.png
1502257,503,23,23,no_image.png
1502258,504,24,23,no_image.png
1502259,505,25,23,no_image.png
1502260,506,26,23,no_image.png
1502261,507,27,23,no_image.png
1502262,508,28,23,no_image.png
1502263,509,29,23,no_image.png
1502264,510,30,23,no_image.png
1502265,511,23,23,no_image.png
1502266,512,24,23,no_image.png
1502267,513,25,23,no_image.png
1502268,514,26,23,no_image.png
1502269,515,27,23,no_image.png
1502270,516,28,23,no_image.png
1502271,517,29,23,no_image.png
1502272,518,30,23,no_image.png
1502273,519,23,23,no_image.png
1502274,520,24,23,no_image.png
1502275,521,25,23,no_image.png
1502276,522,26,23,no_image.png
1502277,523,27,23,no_image.png
1502278,524,28,23,no_image.png
1502279,525,29,23,no_image.png
1502280,526,30,23,no_image.png
1502281,527,23,23,no_image.png
1502282,528,24,23,no_image.png
1502283,529,25,23,no_image.png
1502284,530,26,23,no_image.png
1502285,531,27,23,no_image.png
1502286,532,28,23,no_image.png
1502287,533,29,23,no_image.png
1502288,534,30,23,no_image.png
1502289,535,23,23,no_image.png
1502290,536,24,23,no_image.png
1502291,537,25,23,no_image.png
1502292,538,26,23,no_image.png
1502293,539,27,23,no_image.png
1502294,540,28,23,no_image.png
1502295,541,29,23,no_image.png
1502296,542,30,23,no_image.png
1502297,543,23,23,no_image.png
1502298,544,24,23,no_image.png
1502299,545,25,23,no_image.png
1502300,546,26,23,no_image.png
1502301,547,27,23,no_image.png
1502302,548,28,23,no_image.png
1502303,549,29,23,no_image.png
1502304,550,30,23,no_image.png
1502305,551,23,23,no_image.png
1502306,552,24,23,no_image.png
1502307,553,25,23,no_image.png
1502308,554,26,23,no_image.png
1502309,555,27,23,no_image.png
1502310,556,28,23,no_image.png
1502311,557,29,23,no_image.png
1502312,558,30,23,no_image.png
1502313,559,23,23,no_image.png
1502314,560,24,23,no_image.png
1502315,561,25,23,no_image.png
1502316,562,26,23,no_image.png
1502317,563,27,23,no_image.png
1502318,564,28,23,no_image.png
1502319,565,29,23,no_image.png
1502320,566,30,23,no_image.png
1502321,567,23,23,no_image.png
1502322,568,24,23,no_image.png
1502323,569,25,23,no_image.png
1502324,570,26,23,no_image.png
1502325,571,27,23,no_image.png
1502326,572,28,23,no_image.png
1502327,573,29,23,no_image.png
1502328,574,30,23,no_image.png
1502329,575,23,23,no_image.png
1502330,576,24,23,no_image.png
1502331,577,25,23,no_image.png
1502332,578,26,23,no_image.png
1502333,579,27,23,no_image.png
1502334,580,28,23,no_image.png
1502335,581,29,23,no_image.png
1502336,582,30,23,no_image.png
1502337,583,23,23,no_image.png
1502338,584,24,23,no_image.png
1502339,585,25,23,no_image.png
1502340,586,26,23,no_image.png
1502341,587,27,23,no_image.png
1502342,588,28,23,no_image.png
1502343,589,29,23,no_image.png
1502344,590,30,23,no_image.png
1502345,591,23,23,no_image.png
1502346,592,24,23,no_image.png
1502347,593,25,23,no_image.png
1502348,594,26,23,no_image.png
1502349,595,27,23,no_image.png
1502350,596,28,23,no_image.png
1502351,597,29,23,no_image.png
1502352,598,30,23,no_image.png
1502353,599,23,23,no_image.png
1502354,600,24,23,no_image.png
1502355,601,25,23,no_image.png
1502356,602,26,23,no_image.png
1502357,603,27,23,no_image.png
1502358,604,28,23,no_image.png
1502359,605,29,23,no_image.png
1502360,606,30,23,no_image.png
1502361,607,23,23,no_image.png
1502362,608,24,23,no_image.png
1502363,609,25,23,no_image.png
1502364,610,26,23,no_image.png
1502365,611,27,23,no_image.png
1502366,612,28,23,no_image.png
1502367,613,29,23,no_image.png
1502368,614,30,23,no_image.png
1502369,615,23,23,no_image.png
1502370,616,24,23,no_image.png
1502371,617,25,23,no_image.png
1502372,618,26,23,no_image.png
1502373,619,27,23,no_image.png
1502374,620,28,23,no_image.png
1502375,621,29,23,no_image.png
1502376,622,30,23,no_image.png
1502377,623,23,23,no_image.png
1502378,624,24,23,no_image.png
1502379,625,25,23,no_image.png
1502380,626,26,23,no_image.png
1502381,627,27,23,no_image.png
1502382,628,28,23,no_image.png
1502383,629,29,23,no_image.png
1502384,630,30,23,no_image.png
1502385,631,23,23,no_image.png
1502386,632,24,23,no_image.png
1502387,633,25,23,no_image.png
1502388,634,26,23,no_image.png
1502389,635,27,23,no_image.png
1502390,636,28,23,no_image.png
1502391,637,29,23,no_image.png
1502392,638,30,23,no_image.png
1502393,639,23,23,no_image.png
1502394,640,24,23,no_image.png
1502395,641,25,23,no_image.png
1502396,642,26,23,no_image.png
1502397,643,27,23,no_image.png
1502398,644,28,23,no_image.png
1502399,645,29,23,no_image.png
1502400,646,30,23,no_image.png
1502401,647,23,23,no_image.png
1502402,648,24,23,no_image.png
1502403,649,25,23,no_image.png
1502404,650,26,23,no_image.png
1502405,651,27,23,no_image.png
1502406,652,28,23,no_image.png
1502407,653,29,23,no_image.png
1502408,654,30,23,no_image.png
1502409,655,23,23,no_image.png
1502410,656,24,23,no_image.png
1502411,657,25,23,no_image.png
1502412,658,26,23,no_image.png
1502413,659,27,23,no_image.png
1502414,660,28,23,no_image.png
1502415,661,29,23,no_image.png
1502416,662,30,23,no_image.png
1502417,663,23,23,no_image.png
1502418,664,24,23,no_image.png
1502419,665,25,23,no_image.png
1502420,666,26,23,no_image.png
1502421,667,27,23,no_image.png
1502422,668,28,23,no_image.png
1502423,669,29,23,no_image.png
1502424,670,30,23,no_image.png
1502425,671,23,23,no_image.png
1502426,672,24,23,no_image.png
1502427,673,25,23,no_image.png
1502428,674,26,23,no_image.png
1502429,675,27,23,no_image.png
1502430,676,28,23,no_image.png
1502431,677,29,23,no_image.png
1502432,678,30,23,no_image.png
1502433,679,23,23,no_image.png
1502434,680,24,23,no_image.png
1502435,681,25,23,no_image.png
1502436,682,26,23,no_image.png
1502437,683,27,23,no_image.png
1502438,684,28,23,no_image.png
1502439,685,29,23,no_image.png
1502440,686,30,23,no_image.png
1502441,687,23,23,no_image.png
1502442,688,24,23,no_image.png
1502443,689,25,23,no_image.png
1502444,690,26,23,no_image.png
1502445,691,27,23,no_image.png
1502446,692,28,23,no_image.png
1502447,693,29,23,no_image.png
1502448,694,30,23,no_image.png
1502449,695,23,23,no_image.png
1502450,696,24,23,no_image.png
1502451,697,25,23,no_image.png
1502452,698,26,23,no_image.png
1502453,699,27,23,no_image.png
1502454,700,28,23,no_image.png
1502455,701,29,23,no_image.png
1502456,702,30,23,no_image.png
1502457,703,23,23,no_image.png
1502458,704,24,23,no_image.png
1502459,705,25,23,no_image.png
1502460,706,26,23,no_image.png
1502461,707,27,23,no_image.png
1502462,708,28,23,no_image.png
1502463,709,29,23,no_image.png
1502464,710,30,23,no_image.png
1502465,711,23,23,no_image.png
1502466,712,24,23,no_image.png
1502467,713,25,23,no_image.png
1502468,714,26,23,no_image.png
1502469,715,27,23,no_image.png
1502470,716,28,23,no_image.png
1502471,717,29,23,no_image.png
1502472,718,30,23,no_image.png
1502473,719,23,23,no_image.png
1502474,720,24,23,no_image.png
1502475,721,25,23,no_image.png
1502476,722,26,23,no_image.png
1502477,723,27,23,no_image.png
1502478,724,28,23,no_image.png
1502479,725,29,23,no_image.png
1502480,726,30,23,no_image.png
1502481,727,23,23,no_image.png
1502482,728,24,23,no_image.png
1502483,729,25,23,no_image.png
1502484,730,26,23,no_image.png
1502485,731,27,23,no_image.png
1502486,732,28,23,no_image.png
1502487,733,29,23,no_image.png
1502488,734,30,23,no_image.png
1502489,735,23,23,no_image.png
1502490,736,24,23,no_image.png
1502491,737,25,23,no_image.png
1502492,738,26,23,no_image.png
1502493,739,27,23,no_image.png
1502494,740,28,23,no_image.png
1502495,741,29,23,no_image.png
1502496,742,30,23,no_image.png
1502497,743,23,23,no_image.png
1502498,744,24,23,no_image.png
1502499,745,25,23,no_image.png
1502500,746,26,23,no_image.png
1502501,747,27,23,no_image.png
1502502,748,28,23,no_image.png
1502503,749,29,23,no_image.png
1502504,750,30,23,no_image.png
1502505,751,23,23,no_image.png
1502506,752,24,23,no_image.png
1502507,752,24,23,no_image.png
1502508,752,24,23,no_image.png
1502509,752,24,23,no_image.png
1502510,752,24,23,no_image.png
1502511,752,24,23,no_image.png
1502512,752,24,23,no_image.png
1502513,752,24,23,no_image.png
1502514,752,24,23,no_image.png
1502515,752,24,23,no_image.png
1502516,752,24,23,no_image.png
1502517,752,24,23,no_image.png
1502518,752,24,23,no_image.png
1502519,752,24,23,no_image.png
1502520,752,24,23,no_image.png
1502521,752,24,23,no_image.png
1502522,752,24,23,no_image.png
1502523,752,24,23,no_image.png
1502524,752,24,23,no_image.png
1502525,752,24,23,no_image.png
1502526,752,24,23,no_image.png
1502527,752,24,23,no_image.png
1502528,752,24,23,no_image.png
1502529,752,24,23,no_image.png
1502530,752,24,23,no_image.png
1502531,752,24,23,no_image.png
1502532,752,24,23,no_image.png
1502533,752,24,23,no_image.png
1502534,752,24,23,no_image.png
1502535,752,24,23,no_image.png
1502536,752,24,23,no_image.png
1502537,752,24,23,no_image.png
1502538,752,24,23,no_image.png
1502539,752,24,23,no_image.png
1502540,752,24,23,no_image.png
1502541,752,24,23,no_image.png
1502542,752,24,23,no_image.png
1502543,752,24,23,no_image.png
1502544,752,24,23,no_image.png
1502545,752,24,23,no_image.png
1502546,752,24,23,no_image.png
1502547,752,24,23,no_image.png
1502548,752,24,23,no_image.png
1502549,752,24,23,no_image.png
1502550,752,24,23,no_image.png
1502551,752,24,23,no_image.png
1502552,752,24,23,no_image.png
1502553,752,24,23,no_image.png
1502554,752,24,23,no_image.png
1502555,752,24,23,no_image.png
1502556,752,24,23,no_image.png
1502557,752,24,23,no_image.png
1502558,752,24,23,no_image.png
1502559,752,24,23,no_image.png
1502560,752,24,23,no_image.png
1502561,752,24,23,no_image.png
1502562,752,24,23,no_image.png
1502563,752,24,23,no_image.png
1502564,752,24,23,no_image.png
1502565,752,24,23,no_image.png
1502566,752,24,23,no_image.png
1502567,752,24,23,no_image.png
1502568,752,24,23,no_image.png
1502569,752,24,23,no_image.png
1502570,752,24,23,no_image.png
1502571,752,24,23,no_image.png
1502572,752,24,23,no_image.png
1502573,752,24,23,no_image.png
1502574,752,24,23,no_image.png
1502575,752,24,23,no_image.png
1502576,752,24,23,no_image.png
1502577,752,24,23,no_image.png
1502578,752,24,23,no_image.png
1502579,752,24,23,no_image.png
1502580,752,24,23,no_image.png
1502581,752,24,23,no_image.png
1502582,752,24,23,no_image.png
1502583,752,24,23,no_image.png
1502584,752,24,23,no_image.png
1502585,752,24,23,no_image.png
1502586,752,24,23,no_image.png
1502587,752,24,23,no_image.png
1502588,752,24,23,no_image.png
1502589,752,24,23,no_image.png
1502590,752,24,23,no_image.png
1502591,752,24,23,no_image.png
1502592,752,24,23,no_image.png
1502593,752,24,23,no_image.png
1502594,752,24,23,no_image.png
1502595,752,24,23,no_image.png
1502596,752,24,23,no_image.png
1502597,752,24,23,no_image.png
1502598,752,24,23,no_image.png
1502599,752,24,23,no_image.png
1502600,752,24,23,no_image.png
1502601,752,24,23,no_image.png
1502602,752,24,23,no_image.png
1502603,752,24,23,no_image.png
1502604,752,24,23,no_image.png
1502605,752,24,23,no_image.png
1502606,752,24,23,no_image.png
1502607,752,24,23,no_image.png
1502608,752,24,23,no_image.png
1502609,752,24,23,no_image.png
1502610,752,24,23,no_image.png
1502611,752,24,23,no_image.png
1502612,752,24,23,no_image.png
1502613,752,24,23,no_image.png
1502614,752,24,23,no_image.png
1502615,752,24,23,no_image.png
1502616,752,24,23,no_image.png
1502617,752,24,23,no_image.png
1502618,752,24,23,no_image.png
1502619,752,24,23,no_image.png
1502620,752,24,23,no_image.png
1502621,752,24,23,no_image.png
1502622,752,24,23,no_image.png
1502623,752,24,23,no_image.png
1502624,752,24,23,no_image.png
1502625,752,24,23,no_image.png
1502626,752,24,23,no_image.png
1502627,752,24,23,no_image.png
1502628,752,24,23,no_image.png
1502629,752,24,23,no_image.png
1502630,752,24,23,no_image.png
1502631,752,24,23,no_image.png
1502632,752,24,23,no_image.png
1502633,752,24,23,no_image.png
1502634,752,24,23,no_image.png
1502635,752,24,23,no_image.png
1502636,752,24,23,no_image.png
1502637,752,24,23,no_image.png
1502638,752,24,23,no_image.png
1502639,752,24,23,no_image.png
1502640,752,24,23,no_image.png
1502641,752,24,23,no_image.png
1502642,752,24,23,no_image.png
1502643,752,24,23,no_image.png
1502644,752,24,23,no_image.png
1502645,752,24,23,no_image.png
1502646,752,24,23,no_image.png
1502647,752,24,23,no_image.png
1502648,752,24,23,no_image.png
1502649,752,24,23,no_image.png
1502650,752,24,23,no_image.png
1502651,752,24,23,no_image.png
1502652,752,24,23,no_image.png
1502653,752,24,23,no_image.png
1502654,752,24,23,no_image.png
1502655,752,24,23,no_image.png
1502656,752,24,23,no_image.png
1502657,752,24,23,no_image.png
1502658,752,24,23,no_image.png
1502659,752,24,23,no_image.png
1502660,752,24,23,no_image.png
1502661,752,24,23,no_image.png
1502662,752,24,23,no_image.png
1502663,752,24,23,no_image.png
1502664,752,24,23,no_image.png
1502665,752,24,23,no_image.png
1502666,752,24,23,no_image.png
1502667,752,24,23,no_image.png
1502668,752,24,23,no_image.png
1502669,752,24,23,no_image.png
1502670,752,24,23,no_image.png
1502671,752,24,23,no_image.png
1502672,752,24,23,no_image.png
1502673,752,24,23,no_image.png
1502674,752,24,23,no_image.png
1502675,752,24,23,no_image.png
1502676,752,24,23,no_image.png
1502677,752,24,23,no_image.png
1502678,752,24,23,no_image.png
1502679,752,24,23,no_image.png
1502680,752,24,23,no_image.png
1502681,752,24,23,no_image.png
1502682,752,24,23,no_image.png
1502683,752,24,23,no_image.png
1502684,752,24,23,no_image.png
1502685,752,24,23,no_image.png
1502686,752,24,23,no_image.png
1502687,752,24,23,no_image.png
1502688,752,24,23,no_image.png
1502689,752,24,23,no_image.png
1502690,752,24,23,no_image.png
1502691,752,24,23,no_image.png
1502692,752,24,23,no_image.png
1502693,752,24,23,no_image.png
1502694,752,24,23,no_image.png
1502695,752,24,23,no_image.png
1502696,752,24,23,no_image.png
1502697,752,24,23,no_image.png
1502698,752,24,23,no_image.png
1502699,752,24,23,no_image.png
1502700,752,24,23,no_image.png
1502701,752,24,23,no_image.png
1502702,752,24,23,no_image.png
1502703,752,24,23,no_image.png
1502704,752,24,23,no_image.png
1502705,752,24,23,no_image.png
1502706,752,24,23,no_image.png
1502707,752,24,23,no_image.png
1502708,752,24,23,no_image.png
1502709,752,24,23,no_image.png
1502710,752,24,23,no_image.png
1502711,752,24,23,no_image.png
1502712,752,24,23,no_image.png
1502713,752,24,23,no_image.png
1502714,752,24,23,no_image.png
1502715,752,24,23,no_image.png
1502716,752,24,23,no_image.png
1502717,752,24,23,no_image.png
1502718,752,24,23,no_image.png
1502719,752,24,23,no_image.png
1502720,752,24,23,no_image.png
1502721,752,24,23,no_image.png
1502722,752,24,23,no_image.png
1502723,752,24,23,no_image.png
1502724,752,24,23,no_image.png
1502725,752,24,23,no_image.png
1502726,752,24,23,no_image.png
1502727,752,24,23,no_image.png
1502728,752,24,23,no_image.png
1502729,752,24,23,no_image.png
1502730,752,24,23,no_image.png
1502731,752,24,23,no_image.png
1502732,752,24,23,no_image.png
1502733,752,24,23,no_image.png
1502734,752,24,23,no_image.png
1502735,752,24,23,no_image.png
1502736,752,24,23,no_image.png
1502737,752,24,23,no_image.png
1502738,752,24,23,no_image.png
1502739,752,24,23,no_image.png
1502740,752,24,23,no_image.png
1502741,752,24,23,no_image.png
1502742,752,24,23,no_image.png
1502743,752,24,23,no_image.png
1502744,752,24,23,no_image.png
1502745,752,24,23,no_image.png
1502746,752,24,23,no_image.png
1502747,752,24,23,no_image.png
1502748,752,24,23,no_image.png
1502749,752,24,23,no_image.png
1502750,752,24,23,no_image.png
1502751,752,24,23,no_image.png
1502752,752,24,23,no_image.png
1502753,752,24,23,no_image.png
1502754,752,24,23,no_image.png
1502755,752,24,23,no_image.png
1502756,752,24,23,no_image.png
1502757,752,24,23,no_image.png
1502758,752,24,23,no_image.png
1502759,752,24,23,no_image.png
1502760,752,24,23,no_image.png
1502761,752,24,23,no_image.png
1502762,752,24,23,no_image.png
1502763,752,24,23,no_image.png
1502764,752,24,23,no_image.png
1502765,752,24,23,no_image.png
1502766,752,24,23,no_image.png
1502767,752,24,23,no_image.png
1502768,752,24,23,no_image.png
1502769,752,24,23,no_image.png
1502770,752,24,23,no_image.png
1502771,752,24,23,no_image.png
1502772,752,24,23,no_image.png
1502773,752,24,23,no_image.png
1502774,752,24,23,no_image.png
1502775,752,24,23,no_image.png
1502776,752,24,23,no_image.png
1502777,752,24,23,no_image.png
1502778,752,24,23,no_image.png
1502779,752,24,23,no_image.png
1502780,752,24,23,no_image.png
1502781,752,24,23,no_image.png
1502782,752,24,23,no_image.png
1502783,752,24,23,no_image.png
1502784,752,24,23,no_image.png
1502785,752,24,23,no_image.png
1502786,752,24,23,no_image.png
1502787,752,24,23,no_image.png
1502788,752,24,23,no_image.png
1502789,752,24,23,no_image.png
1502790,752,24,23,no_image.png
1502791,752,24,23,no_image.png
1502792,752,24,23,no_image.png
1502793,752,24,23,no_image.png
1502794,752,24,23,no_image.png
1502795,752,24,23,no_image.png
1502796,752,24,23,no_image.png
1502797,752,24,23,no_image.png
1502798,752,24,23,no_image.png
1502799,752,24,23,no_image.png
1502800,752,24,23,no_image.png
1502801,752,24,23,no_image.png
1502802,752,24,23,no_image.png
1502803,752,24,23,no_image.png
1502804,752,24,23,no_image.png
1502805,752,24,23,no_image.png
1502806,752,24,23,no_image.png
1502807,752,24,23,no_image.png
1502808,752,24,23,no_image.png
1502809,752,24,23,no_image.png
1502810,752,24,23,no_image.png
1502811,752,24,23,no_image.png
1502812,752,24,23,no_image.png
1502813,752,24,23,no_image.png
1502814,752,24,23,no_image.png
1502815,752,24,23,no_image.png
1502816,752,24,23,no_image.png
1502817,752,24,23,no_image.png
1502818,752,24,23,no_image.png
1502819,752,24,23,no_image.png
1502820,752,24,23,no_image.png
1502821,752,24,23,no_image.png
1502822,752,24,23,no_image.png
1502823,752,24,23,no_image.png
1502824,752,24,23,no_image.png
1502825,752,24,23,no_image.png
1502826,752,24,23,no_image.png
1502827,752,24,23,no_image.png
1502828,752,24,23,no_image.png
1502829,752,24,23,no_image.png
1502830,752,24,23,no_image.png
1502831,752,24,23,no_image.png
1502832,752,24,23,no_image.png
1502833,752,24,23,no_image.png
1502834,752,24,23,no_image.png
1502835,752,24,23,no_image.png
1502836,752,24,23,no_image.png
1502837,752,24,23,no_image.png
1502838,752,24,23,no_image.png
1502839,752,24,23,no_image.png
1502840,752,24,23,no_image.png
1502841,752,24,23,no_image.png
1502842,752,24,23,no_image.png
1502843,752,24,23,no_image.png
1502844,752,24,23,no_image.png
1502845,752,24,23,no_image.png
1502846,752,24,23,no_image.png
1502847,752,24,23,no_image.png
1502848,752,24,23,no_image.png
1502849,752,24,23,no_image.png
1502850,752,24,23,no_image.png
1502851,752,24,23,no_image.png
1502852,752,24,23,no_image.png
1502853,752,24,23,no_image.png
1502854,752,24,23,no_image.png
1502855,752,24,23,no_image.png
1502856,752,24,23,no_image.png
1502857,752,24,23,no_image.png
1502858,752,24,23,no_image.png
1502859,752,24,23,no_image.png
1502860,752,24,23,no_image.png
1502861,752,24,23,no_image.png
1502862,752,24,23,no_image.png
1502863,752,24,23,no_image.png
1502864,752,24,23,no_image.png
1502865,752,24,23,no_image.png
1502866,752,24,23,no_image.png
1502867,752,24,23,no_image.png
1502868,752,24,23,no_image.png
1502869,752,24,23,no_image.png
1502870,752,24,23,no_image.png
1502871,752,24,23,no_image.png
1502872,752,24,23,no_image.png
1502873,752,24,23,no_image.png
1502874,752,24,23,no_image.png
1502875,752,24,23,no_image.png
1502876,752,24,23,no_image.png
1502877,752,24,23,no_image.png
1502878,752,24,23,no_image.png
1502879,752,24,23,no_image.png
1502880,752,24,23,no_image.png
1502881,752,24,23,no_image.png
1502882,752,24,23,no_image.png
1502883,752,24,23,no_image.png
1502884,752,24,23,no_image.png
1502885,752,24,23,no_image.png
1502886,752,24,23,no_image.png
1502887,752,24,23,no_image.png
1502888,752,24,23,no_image.png
1502889,752,24,23,no_image.png
1502890,752,24,23,no_image.png
1502891,752,24,23,no_image.png
1502892,752,24,23,no_image.png
1502893,752,24,23,no_image.png
1502894,752,24,23,no_image.png
1502895,752,24,23,no_image.png
1502896,752,24,23,no_image.png
1502897,752,24,23,no_image.png
1502898,752,24,23,no_image.png
1502899,752,24,23,no_image.png
1502900,752,24,23,no_image.png
1502901,752,24,23,no_image.png
1502902,752,24,23,no_image.png
1502903,752,24,23,no_image.png
1502904,752,24,23,no_image.png
1502905,752,24,23,no_image.png
1502906,752,24,23,no_image.png
1502907,752,24,23,no_image.png
1502908,752,24,23,no_image.png
1502909,752,24,23,no_image.png
1502910,752,24,23,no_image.png
1502911,752,24,23,no_image.png
1502912,752,24,23,no_image.png
1502913,752,24,23,no_image.png
1502914,752,24,23,no_image.png
1502915,752,24,23,no_image.png
1502916,752,24,23,no_image.png
1502917,752,24,23,no_image.png
1502918,752,24,23,no_image.png
1502919,752,24,23,no_image.png
1502920,752,24,23,no_image.png
1502921,752,24,23,no_image.png
1502922,752,24,23,no_image.png
1502923,752,24,23,no_image.png
1502924,752,24,23,no_image.png
1502925,752,24,23,no_image.png
1502926,752,24,23,no_image.png
1502927,752,24,23,no_image.png
1502928,752,24,23,no_image.png
1502929,752,24,23,no_image.png
1502930,752,24,23,no_image.png
1502931,752,24,23,no_image.png
1502932,752,24,23,no_image.png
1502933,752,24,23,no_image.png
1502934,752,24,23,no_image.png
1502935,752,24,23,no_image.png
1502936,752,24,23,no_image.png
1502937,752,24,23,no_image.png
1502938,752,24,23,no_image.png
1502939,752,24,23,no_image.png
1502940,752,24,23,no_image.png
1502941,752,24,23,no_image.png
1502942,752,24,23,no_image.png
1502943,752,24,23,no_image.png
1502944,752,24,23,no_image.png
1502945,752,24,23,no_image.png
1502946,752,24,23,no_image.png
1502947,752,24,23,no_image.png
1502948,752,24,23,no_image.png
1502949,752,24,23,no_image.png
1502950,752,24,23,no_image.png
1502951,752,24,23,no_image.png
1502952,752,24,23,no_image.png
1502953,752,24,23,no_image.png
1502954,752,24,23,no_image.png
1502955,752,24,23,no_image.png
1502956,752,24,23,no_image.png
1502957,752,24,23,no_image.png
1502958,752,24,23,no_image.png
1502959,752,24,23,no_image.png
1502960,752,24,23,no_image.png
1502961,752,24,23,no_image.png
1502962,752,24,23,no_image.png
1502963,752,24,23,no_image.png
1502964,752,24,23,no_image.png
1502965,752,24,23,no_image.png
1502966,752,24,23,no_image.png
1502967,752,24,23,no_image.png
1502968,752,24,23,no_image.png
1502969,752,24,23,no_image.png
1502970,752,24,23,no_image.png
1502971,752,24,23,no_image.png
1502972,752,24,23,no_image.png
1502973,752,24,23,no_image.png
1502974,752,24,23,no_image.png
1502975,752,24,23,no_image.png
1502976,752,24,23,no_image.png
1502977,752,24,23,no_image.png
1502978,752,24,23,no_image.png
1502979,752,24,23,no_image.png
1502980,752,24,23,no_image.png
1502981,752,24,23,no_image.png
1502982,752,24,23,no_image.png
1502983,752,24,23,no_image.png
1502984,752,24,23,no_image.png
1502985,752,24,23,no_image.png
1502986,752,24,23,no_image.png
1502987,752,24,23,no_image.png
1502988,752,24,23,no_image.png
1502989,752,24,23,no_image.png
1502990,752,24,23,no_image.png
1502991,752,24,23,no_image.png
1502992,752,24,23,no_image.png
1502993,752,24,23,no_image.png
1502994,752,24,23,no_image.png
1502995,752,24,23,no_image.png
1502996,752,24,23,no_image.png
1502997,752,24,23,no_image.png
1502998,752,24,23,no_image.png
1502999,752,24,23,no_image.png
1503000,752,24,23,no_image.png
1503001,752,24,23,no_image.png
1503002,752,24,23,no_image.png
1503003,752,24,23,no_image.png
1503004,752,24,23,no_image.png
1503005,752,24,23,no_image.png
1503006,752,24,23,no_image.png
1503007,752,24,23,no_image.png
1503008,752,24,23,no_image.png
1503009,752,24,23,no_image.png
1503010,752,24,23,no_image.png
1503011,752,24,23,no_image.png
1503012,752,24,23,no_image.png
1503013,752,24,23,no_image.png
1503014,752,24,23,no_image.png
1503015,752,24,23,no_image.png
1503016,752,24,23,no_image.png
1503017,752,24,23,no_image.png
1503018,752,24,23,no_image.png
1503019,752,24,23,no_image.png
1503020,752,24,23,no_image.png
1503021,752,24,23,no_image.png
1503022,752,24,23,no_image.png
1503023,752,24,23,no_image.png
1503024,752,24,23,no_image.png
1503025,752,24,23,no_image.png
1503026,752,24,23,no_image.png
1503027,752,24,23,no_image.png
1503028,752,24,23,no_image.png
1503029,752,24,23,no_image.png
1503030,752,24,23,no_image.png
1503031,752,24,23,no_image.png
1503032,752,24,23,no_image.png
1503033,752,24,23,no_image.png
1503034,752,24,23,no_image.png
1503035,752,24,23,no_image.png
1503036,752,24,23,no_image.png
1503037,752,24,23,no_image.png
1503038,752,24,23,no_image.png
1503039,752,24,23,no_image.png
1503040,752,24,23,no_image.png
1503041,752,24,23,no_image.png
1503042,752,24,23,no_image.png
1503043,752,24,23,no_image.png
1503044,752,24,23,no_image.png
1503045,752,24,23,no_image.png
1503046,752,24,23,no_image.png
1503047,752,24,23,no_image.png
1503048,752,24,23,no_image.png
1503049,752,24,23,no_image.png
1503050,752,24,23,no_image.png
1503051,752,24,23,no_image.png
1503052,752,24,23,no_image.png
1503053,752,24,23,no_image.png
1503054,752,24,23,no_image.png
1503055,752,24,23,no_image.png
1503056,752,24,23,no_image.png
1503057,752,24,23,no_image.png
1503058,752,24,23,no_image.png
1503059,752,24,23,no_image.png
1503060,752,24,23,no_image.png
1503061,752,24,23,no_image.png
1503062,752,24,23,no_image.png
1503063,752,24,23,no_image.png
1503064,752,24,23,no_image.png
1503065,752,24,23,no_image.png
1503066,752,24,23,no_image.png
1503067,752,24,23,no_image.png
1503068,752,24,23,no_image.png
1503069,752,24,23,no_image.png
1503070,752,24,23,no_image.png
1503071,752,24,23,no_image.png
1503072,752,24,23,no_image.png
1503073,752,24,23,no_image.png
1503074,752,24,23,no_image.png
1503075,752,24,23,no_image.png
1503076,752,24,23,no_image.png
1503077,752,24,23,no_image.png
1503078,752,24,23,no_image.png
1503079,752,24,23,no_image.png
1503080,752,24,23,no_image.png
1503081,752,24,23,no_image.png
1503082,752,24,23,no_image.png
1503083,752,24,23,no_image.png
1503084,752,24,23,no_image.png
1503085,752,24,23,no_image.png
1503086,752,24,23,no_image.png
1503087,752,24,23,no_image.png
1503088,752,24,23,no_image.png
1503089,752,24,23,no_image.png
1503090,752,24,23,no_image.png
1503091,752,24,23,no_image.png
1503092,752,24,23,no_image.png
1503093,752,24,23,no_image.png
1503094,752,24,23,no_image.png
1503095,752,24,23,no_image.png
1503096,752,24,23,no_image.png
1503097,752,24,23,no_image.png
1503098,752,24,23,no_image.png
1503099,752,24,23,no_image.png
1503100,752,24,23,no_image.png
1503101,752,24,23,no_image.png
1503102,752,24,23,no_image.png
1503103,752,24,23,no_image.png
1503104,752,24,23,no_image.png
1503105,752,24,23,no_image.png
1503106,752,24,23,no_image.png
1503107,752,24,23,no_image.png
1503108,752,24,23,no_image.png
1503109,752,24,23,no_image.png
1503110,752,24,23,no_image.png
1503111,752,24,23,no_image.png
1503112,752,24,23,no_image.png
1503113,752,24,23,no_image.png
1503114,752,24,23,no_image.png
1503115,752,24,23,no_image.png
1503116,752,24,23,no_image.png
1503117,752,24,23,no_image.png
1503118,752,24,23,no_image.png
1503119,752,24,23,no_image.png
1503120,752,24,23,no_image.png
1503121,752,24,23,no_image.png
1503122,752,24,23,no_image.png
1503123,752,24,23,no_image.png
1503124,752,24,23,no_image.png
1503125,752,24,23,no_image.png
1503126,752,24,23,no_image.png
1503127,752,24,23,no_image.png
1503128,752,24,23,no_image.png
1503129,752,24,23,no_image.png
1503130,752,24,23,no_image.png
1503131,752,24,23,no_image.png
1503132,752,24,23,no_image.png
1503133,752,24,23,no_image.png
1503134,752,24,23,no_image.png
1503135,752,24,23,no_image.png
1503136,752,24,23,no_image.png
1503137,752,24,23,no_image.png
1503138,752,24,23,no_image.png
1503139,752,24,23,no_image.png
1503140,752,24,23,no_image.png
1503141,752,24,23,no_image.png
1503142,752,24,23,no_image.png
1503143,752,24,23,no_image.png
1503144,752,24,23,no_image.png
1503145,752,24,23,no_image.png
1503146,752,24,23,no_image.png
1503147,752,24,23,no_image.png
1503148,752,24,23,no_image.png
1503149,752,24,23,no_image.png
1503150,752,24,23,no_image.png
1503151,752,24,23,no_image.png
1503152,752,24,23,no_image.png
1503153,752,24,23,no_image.png
1503154,752,24,23,no_image.png
1503155,752,24,23,no_image.png
1503156,752,24,23,no_image.png
1503157,752,24,23,no_image.png
1503158,752,24,23,no_image.png
1503159,752,24,23,no_image.png
1503160,752,24,23,no_image.png
1503161,752,24,23,no_image.png
1503162,752,24,23,no_image.png
1503163,752,24,23,no_image.png
1503164,752,24,23,no_image.png
1503165,752,24,23,no_image.png
1503166,752,24,23,no_image.png
1503167,752,24,23,no_image.png
1503168,752,24,23,no_image.png
1503169,752,24,23,no_image.png
1503170,752,24,23,no_image.png
1503171,752,24,23,no_image.png
1503172,752,24,23,no_image.png
1503173,752,24,23,no_image.png
1503174,752,24,23,no_image.png
1503175,752,24,23,no_image.png
1503176,752,24,23,no_image.png
1503177,752,24,23,no_image.png
1503178,752,24,23,no_image.png
1503179,752,24,23,no_image.png
1503180,752,24,23,no_image.png
1503181,752,24,23,no_image.png
1503182,752,24,23,no_image.png
1503183,752,24,23,no_image.png
1503184,752,24,23,no_image.png
1503185,752,24,23,no_image.png
1503186,752,24,23,no_image.png
1503187,752,24,23,no_image.png
1503188,752,24,23,no_image.png
1503189,752,24,23,no_image.png
1503190,752,24,23,no_image.png
1503191,752,24,23,no_image.png
1503192,752,24,23,no_image.png
1503193,752,24,23,no_image.png
1503194,752,24,23,no_image.png
1503195,752,24,23,no_image.png
1503196,752,24,23,no_image.png
1503197,752,24,23,no_image.png
1503198,752,24,23,no_image.png
1503199,752,24,23,no_image.png
1503200,752,24,23,no_image.png
1503201,752,24,23,no_image.png
1503202,752,24,23,no_image.png
1503203,752,24,23,no_image.png
1503204,752,24,23,no_image.png
1503205,752,24,23,no_image.png
1503206,752,24,23,no_image.png
1503207,752,24,23,no_image.png
1503208,752,24,23,no_image.png
1503209,752,24,23,no_image.png
1503210,752,24,23,no_image.png
1503211,752,24,23,no_image.png
1503212,752,24,23,no_image.png
1503213,752,24,23,no_image.png
1503214,752,24,23,no_image.png
1503215,752,24,23,no_image.png
1503216,752,24,23,no_image.png
1503217,752,24,23,no_image.png
1503218,752,24,23,no_image.png
1503219,752,24,23,no_image.png
1503220,752,24,23,no_image.png
1503221,752,24,23,no_image.png
1503222,752,24,23,no_image.png
1503223,752,24,23,no_image.png
1503224,752,24,23,no_image.png
1503225,752,24,23,no_image.png
1503226,752,24,23,no_image.png
1503227,752,24,23,no_image.png
1503228,752,24,23,no_image.png
1503229,752,24,23,no_image.png
1503230,752,24,23,no_image.png
1503231,752,24,23,no_image.png
1503232,752,24,23,no_image.png
1503233,752,24,23,no_image.png
1503234,752,24,23,no_image.png
1503235,752,24,23,no_image.png
1503236,752,24,23,no_image.png
1503237,752,24,23,no_image.png
1503238,752,24,23,no_image.png
1503239,752,24,23,no_image.png
1503240,752,24,23,no_image.png
1503241,752,24,23,no_image.png
1503242,752,24,23,no_image.png
1503243,752,24,23,no_image.png
1503244,752,24,23,no_image.png
1503245,752,24,23,no_image.png
1503246,752,24,23,no_image.png
1503247,752,24,23,no_image.png
1503248,752,24,23,no_image.png
1503249,752,24,23,no_image.png
1503250,752,24,23,no_image.png
1503251,752,24,23,no_image.png
1503252,752,24,23,no_image.png
1503253,752,24,23,no_image.png
1503254,752,24,23,no_image.png
1503255,752,24,23,no_image.png
1503256,752,24,23,no_image.png
1503257,752,24,23,no_image.png
1503258,752,24,23,no_image.png
1503259,752,24,23,no_image.png
1503260,752,24,23,no_image.png
1503261,752,24,23,no_image.png
1503262,752,24,23,no_image.png
1503263,752,24,23,no_image.png
1503264,752,24,23,no_image.png
1503265,752,24,23,no_image.png
1503266,752,24,23,no_image.png
1503267,752,24,23,no_image.png
1503268,752,24,23,no_image.png
1503269,752,24,23,no_image.png
1503270,752,24,23,no_image.png
1503271,752,24,23,no_image.png
1503272,752,24,23,no_image.png
1503273,752,24,23,no_image.png
1503274,752,24,23,no_image.png
1503275,752,24,23,no_image.png
1503276,752,24,23,no_image.png
1503277,752,24,23,no_image.png
1503278,752,24,23,no_image.png
1503279,752,24,23,no_image.png
1503280,752,24,23,no_image.png
1503281,752,24,23,no_image.png
1503282,752,24,23,no_image.png
1503283,752,24,23,no_image.png
1503284,752,24,23,no_image.png
1503285,752,24,23,no_image.png
1503286,752,24,23,no_image.png
1503287,752,24,23,no_image.png
1503288,752,24,23,no_image.png
1503289,752,24,23,no_image.png
1503290,752,24,23,no_image.png
1503291,752,24,23,no_image.png
1503292,752,24,23,no_image.png
1503293,752,24,23,no_image.png
1503294,752,24,23,no_image.png
1503295,752,24,23,no_image.png
1503296,752,24,23,no_image.png
1503297,752,24,23,no_image.png
1503298,752,24,23,no_image.png
1503299,752,24,23,no_image.png
1503300,752,24,23,no_image.png
1503301,752,24,23,no_image.png
1503302,752,24,23,no_image.png
1503303,752,24,23,no_image.png
1503304,752,24,23,no_image.png
1503305,752,24,23,no_image.png
1503306,752,24,23,no_image.png
1503307,752,24,23,no_image.png
1503308,752,24,23,no_image.png
1503309,752,24,23,no_image.png
1503310,752,24,23,no_image.png
1503311,752,24,23,no_image.png
1503312,752,24,23,no_image.png
1503313,752,24,23,no_image.png
1503314,752,24,23,no_image.png
1503315,752,24,23,no_image.png
1503316,752,24,23,no_image.png
1503317,752,24,23,no_image.png
1503318,752,24,23,no_image.png
1503319,752,24,23,no_image.png
1503320,752,24,23,no_image.png
1503321,752,24,23,no_image.png
1503322,752,24,23,no_image.png
1503323,752,24,23,no_image.png
1503324,752,24,23,no_image.png
1503325,752,24,23,no_image.png
1503326,752,24,23,no_image.png
1503327,752,24,23,no_image.png
1503328,752,24,23,no_image.png
1503329,752,24,23,no_image.png
1503330,752,24,23,no_image.png
1503331,752,24,23,no_image.png
1503332,752,24,23,no_image.png
1503333,752,24,23,no_image.png
1503334,752,24,23,no_image.png
1503335,752,24,23,no_image.png
1503336,752,24,23,no_image.png
1503337,752,24,23,no_image.png
1503338,752,24,23,no_image.png
1503339,752,24,23,no_image.png
1503340,752,24,23,no_image.png
1503341,752,24,23,no_image.png
1503342,752,24,23,no_image.png
1503343,752,24,23,no_image.png
1503344,752,24,23,no_image.png
1503345,752,24,23,no_image.png
1503346,752,24,23,no_image.png
1503347,752,24,23,no_image.png
1503348,752,24,23,no_image.png
1503349,752,24,23,no_image.png
1503350,752,24,23,no_image.png
1503351,752,24,23,no_image.png
1503352,752,24,23,no_image.png
1503353,752,24,23,no_image.png
1503354,752,24,23,no_image.png
1503355,752,24,23,no_image.png
1503356,752,24,23,no_image.png
1503357,752,24,23,no_image.png
1503358,752,24,23,no_image.png
1503359,752,24,23,no_image.png
1503360,752,24,23,no_image.png
1503361,752,24,23,no_image.png
1503362,752,24,23,no_image.png
1503363,752,24,23,no_image.png
1503364,752,24,23,no_image.png
1503365,752,24,23,no_image.png
1503366,752,24,23,no_image.png
1503367,752,24,23,no_image.png
1503368,752,24,23,no_image.png
1503369,752,24,23,no_image.png
1503370,752,24,23,no_image.png
1503371,752,24,23,no_image.png
1503372,752,24,23,no_image.png
1503373,752,24,23,no_image.png
1503374,752,24,23,no_image.png
1503375,752,24,23,no_image.png
1503376,752,24,23,no_image.png
1503377,752,24,23,no_image.png
1503378,752,24,23,no_image.png
1503379,752,24,23,no_image.png
1503380,752,24,23,no_image.png
1503381,752,24,23,no_image.png
1503382,752,24,23,no_image.png
1503383,752,24,23,no_image.png
1503384,752,24,23,no_image.png
1503385,752,24,23,no_image.png
1503386,752,24,23,no_image.png
1503387,752,24,23,no_image.png
1503388,752,24,23,no_image.png
1503389,752,24,23,no_image.png
1503390,752,24,23,no_image.png
1503391,752,24,23,no_image.png
1503392,752,24,23,no_image.png
1503393,752,24,23,no_image.png
1503394,752,24,23,no_image.png
1503395,752,24,23,no_image.png
1503396,752,24,23,no_image.png
1503397,752,24,23,no_image.png
1503398,752,24,23,no_image.png
1503399,752,24,23,no_image.png
1503400,752,24,23,no_image.png
1503401,752,24,23,no_image.png
1503402,752,24,23,no_image.png
1503403,752,24,23,no_image.png
1503404,752,24,23,no_image.png
1503405,752,24,23,no_image.png
1503406,752,24,23,no_image.png
1503407,752,24,23,no_image.png
1503408,752,24,23,no_image.png
1503409,752,24,23,no_image.png
1503410,752,24,23,no_image.png
1503411,752,24,23,no_image.png
1503412,752,24,23,no_image.png
1503413,752,24,23,no_image.png
1503414,752,24,23,no_image.png
1503415,752,24,23,no_image.png
1503416,752,24,23,no_image.png
1503417,752,24,23,no_image.png
1503418,752,24,23,no_image.png
1503419,752,24,23,no_image.png
1503420,752,24,23,no_image.png
1503421,752,24,23,no_image.png
1503422,752,24,23,no_image.png
1503423,752,24,23,no_image.png
1503424,752,24,23,no_image.png
1503425,752,24,23,no_image.png
1503426,752,24,23,no_image.png
1503427,752,24,23,no_image.png
1503428,752,24,23,no_image.png
1503429,752,24,23,no_image.png
1503430,752,24,23,no_image.png
1503431,752,24,23,no_image.png
1503432,752,24,23,no_image.png
1503433,752,24,23,no_image.png
1503434,752,24,23,no_image.png
1503435,752,24,23,no_image.png
1503436,752,24,23,no_image.png
1503437,752,24,23,no_image.png
1503438,752,24,23,no_image.png
1503439,752,24,23,no_image.png
1503440,752,24,23,no_image.png
1503441,752,24,23,no_image.png
1503442,752,24,23,no_image.png
1503443,752,24,23,no_image.png
1503444,752,24,23,no_image.png
1503445,752,24,23,no_image.png
1503446,752,24,23,no_image.png
1503447,752,24,23,no_image.png
1503448,752,24,23,no_image.png
1503449,752,24,23,no_image.png
1503450,752,24,23,no_image.png
1503451,752,24,23,no_image.png
1503452,752,24,23,no_image.png
1503453,752,24,23,no_image.png
1503454,752,24,23,no_image.png
1503455,752,24,23,no_image.png
1503456,752,24,23,no_image.png
1503457,752,24,23,no_image.png
1503458,752,24,23,no_image.png
1503459,752,24,23,no_image.png
1503460,752,24,23,no_image.png
1503461,752,24,23,no_image.png
1503462,752,24,23,no_image.png
1503463,752,24,23,no_image.png
1503464,752,24,23,no_image.png
1503465,752,24,23,no_image.png
1503466,752,24,23,no_image.png
1503467,752,24,23,no_image.png
1503468,752,24,23,no_image.png
1503469,752,24,23,no_image.png
1503470,752,24,23,no_image.png
1503471,752,24,23,no_image.png
1503472,752,24,23,no_image.png
1503473,752,24,23,no_image.png
1503474,752,24,23,no_image.png
1503475,752,24,23,no_image.png
1503476,752,24,23,no_image.png
1503477,752,24,23,no_image.png
1503478,752,24,23,no_image.png
1503479,752,24,23,no_image.png
1503480,752,24,23,no_image.png
1503481,752,24,23,no_image.png
1503482,752,24,23,no_image.png
1503483,752,24,23,no_image.png
1503484,752,24,23,no_image.png
1503485,752,24,23,no_image.png
1503486,752,24,23,no_image.png
1503487,752,24,23,no_image.png
1503488,752,24,23,no_image.png
1503489,752,24,23,no_image.png
1503490,752,24,23,no_image.png
1503491,752,24,23,no_image.png
1503492,752,24,23,no_image.png
1503493,752,24,23,no_image.png
1503494,752,24,23,no_image.png
1503495,752,24,23,no_image.png
1503496,752,24,23,no_image.png
1503497,752,24,23,no_image.png
1503498,752,24,23,no_image.png
1503499,752,24,23,no_image.png
1503500,752,24,23,no_image.png
1503501,752,24,23,no_image.png
1503502,752,24,23,no_image.png
1503503,752,24,23,no_image.png
1503504,752,24,23,no_image.png
1503505,752,24,23,no_image.png
1503506,752,24,23,no_image.png
1503507,752,24,23,no_image.png
1503508,752,24,23,no_image.png
1503509,752,24,23,no_image.png
1503510,752,24,23,no_image.png
1503511,752,24,23,no_image.png
1503512,752,24,23,no_image.png
1503513,752,24,23,no_image.png
1503514,752,24,23,no_image.png
1503515,752,24,23,no_image.png
1503516,752,24,23,no_image.png
1503517,752,24,23,no_image.png
1503518,752,24,23,no_image.png
1503519,752,24,23,no_image.png
1503520,752,24,23,no_image.png
1503521,752,24,23,no_image.png
1503522,752,24,23,no_image.png
1503523,752,24,23,no_image.png
1503524,752,24,23,no_image.png
1503525,752,24,23,no_image.png
1503526,752,24,23,no_image.png
1503527,752,24,23,no_image.png
1503528,752,24,23,no_image.png
1503529,752,24,23,no_image.png
1503530,752,24,23,no_image.png
1503531,752,24,23,no_image.png
1503532,752,24,23,no_image.png
1503533,752,24,23,no_image.png
1503534,752,24,23,no_image.png
1503535,752,24,23,no_image.png
1503536,752,24,23,no_image.png
1503537,752,24,23,no_image.png
1503538,752,24,23,no_image.png
1503539,752,24,23,no_image.png
1503540,752,24,23,no_image.png
1503541,752,24,23,no_image.png
1503542,752,24,23,no_image.png
1503543,752,24,23,no_image.png
1503544,752,24,23,no_image.png
1503545,752,24,23,no_image.png
1503546,752,24,23,no_image.png
1503547,752,24,23,no_image.png
1503548,752,24,23,no_image.png
1503549,752,24,23,no_image.png
1503550,752,24,23,no_image.png
1503551,752,24,23,no_image.png
1503552,752,24,23,no_image.png
1503553,752,24,23,no_image.png
1503554,752,24,23,no_image.png
1503555,752,24,23,no_image.png
1503556,752,24,23,no_image.png
1503557,752,24,23,no_image.png
1503558,752,24,23,no_image.png
1503559,752,24,23,no_image.png
1503560,752,24,23,no_image.png
1503561,752,24,23,no_image.png
1503562,752,24,23,no_image.png
1503563,752,24,23,no_image.png
1503564,752,24,23,no_image.png
1503565,752,24,23,no_image.png
1503566,752,24,23,no_image.png
1503567,752,24,23,no_image.png
1503568,752,24,23,no_image.png
1503569,752,24,23,no_image.png
1503570,752,24,23,no_image.png
1503571,752,24,23,no_image.png
1503572,752,24,23,no_image.png
1503573,752,24,23,no_image.png
1503574,752,24,23,no_image.png
1503575,752,24,23,no_image.png
1503576,752,24,23,no_image.png
1503577,752,24,23,no_image.png
1503578,752,24,23,no_image.png
1503579,752,24,23,no_image.png
1503580,752,24,23,no_image.png
1503581,752,24,23,no_image.png
1503582,752,24,23,no_image.png
1503583,752,24,23,no_image.png
1503584,752,24,23,no_image.png
1503585,752,24,23,no_image.png
1503586,752,24,23,no_image.png
1503587,752,24,23,no_image.png
1503588,752,24,23,no_image.png
1503589,752,24,23,no_image.png
1503590,752,24,23,no_image.png
1503591,752,24,23,no_image.png
1503592,752,24,23,no_image.png
1503593,752,24,23,no_image.png
1503594,752,24,23,no_image.png
1503595,752,24,23,no_image.png
1503596,752,24,23,no_image.png
1503597,752,24,23,no_image.png
1503598,752,24,23,no_image.png
1503599,752,24,23,no_image.png
1503600,752,24,23,no_image.png
1503601,752,24,23,no_image.png
1503602,752,24,23,no_image.png
1503603,752,24,23,no_image.png
1503604,752,24,23,no_image.png
1503605,752,24,23,no_image.png
1503606,752,24,23,no_image.png
1503607,752,24,23,no_image.png
1503608,752,24,23,no_image.png
1503609,752,24,23,no_image.png
1503610,752,24,23,no_image.png
1503611,752,24,23,no_image.png
1503612,752,24,23,no_image.png
1503613,752,24,23,no_image.png
1503614,752,24,23,no_image.png
1503615,752,24,23,no_image.png
1503616,752,24,23,no_image.png
1503617,752,24,23,no_image.png
1503618,752,24,23,no_image.png
1503619,752,24,23,no_image.png
1503620,752,24,23,no_image.png
1503621,752,24,23,no_image.png
1503622,752,24,23,no_image.png
1503623,752,24,23,no_image.png
1503624,752,24,23,no_image.png
1503625,752,24,23,no_image.png
1503626,752,24,23,no_image.png
1503627,752,24,23,no_image.png
1503628,752,24,23,no_image.png
1503629,752,24,23,no_image.png
1503630,752,24,23,no_image.png
1503631,752,24,23,no_image.png
1503632,752,24,23,no_image.png
1503633,752,24,23,no_image.png
1503634,752,24,23,no_image.png
1503635,752,24,23,no_image.png
1503636,752,24,23,no_image.png
1503637,752,24,23,no_image.png
1503638,752,24,23,no_image.png
1503639,752,24,23,no_image.png
1503640,752,24,23,no_image.png
1503641,752,24,23,no_image.png
1503642,752,24,23,no_image.png
1503643,752,24,23,no_image.png
1503644,752,24,23,no_image.png
1503645,752,24,23,no_image.png
1503646,752,24,23,no_image.png
1503647,752,24,23,no_image.png
1503648,752,24,23,no_image.png
1503649,752,24,23,no_image.png
1503650,752,24,23,no_image.png
1503651,752,24,23,no_image.png
1503652,752,24,23,no_image.png
1503653,752,24,23,no_image.png
1503654,752,24,23,no_image.png
1503655,752,24,23,no_image.png
1503656,752,24,23,no_image.png
1503657,752,24,23,no_image.png
1503658,752,24,23,no_image.png
1503659,752,24,23,no_image.png
1503660,752,24,23,no_image.png
1503661,752,24,23,no_image.png
1503662,752,24,23,no_image.png
1503663,752,24,23,no_image.png
1503664,752,24,23,no_image.png
1503665,752,24,23,no_image.png
1503666,752,24,23,no_image.png
1503667,752,24,23,no_image.png
1503668,752,24,23,no_image.png
1503669,752,24,23,no_image.png
1503670,752,24,23,no_image.png
1503671,752,24,23,no_image.png
1503672,752,24,23,no_image.png
1503673,752,24,23,no_image.png
1503674,752,24,23,no_image.png
1503675,752,24,23,no_image.png
1503676,752,24,23,no_image.png
1503677,752,24,23,no_image.png
1503678,752,24,23,no_image.png
1503679,752,24,23,no_image.png
1503680,752,24,23,no_image.png
1503681,752,24,23,no_image.png
1503682,752,24,23,no_image.png
1503683,752,24,23,no_image.png
1503684,752,24,23,no_image.png
1503685,752,24,23,no_image.png
1503686,752,24,23,no_image.png
1503687,752,24,23,no_image.png
1503688,752,24,23,no_image.png
1503689,752,24,23,no_image.png
1503690,752,24,23,no_image.png
1503691,752,24,23,no_image.png
1503692,752,24,23,no_image.png
1503693,752,24,23,no_image.png
1503694,752,24,23,no_image.png
1503695,752,24,23,no_image.png
1503696,752,24,23,no_image.png
1503697,752,24,23,no_image.png
1503698,752,24,23,no_image.png
1503699,752,24,23,no_image.png
1503700,752,24,23,no_image.png
1503701,752,24,23,no_image.png
1503702,752,24,23,no_image.png
1503703,752,24,23,no_image.png
1503704,752,24,23,no_image.png
1503705,752,24,23,no_image.png
1503706,752,24,23,no_image.png
1503707,752,24,23,no_image.png
1503708,752,24,23,no_image.png
1503709,752,24,23,no_image.png
1503710,752,24,23,no_image.png
1503711,752,24,23,no_image.png
1503712,752,24,23,no_image.png
1503713,752,24,23,no_image.png
1503714,752,24,23,no_image.png
1503715,752,24,23,no_image.png
1503716,752,24,23,no_image.png
1503717,752,24,23,no_image.png
1503718,752,24,23,no_image.png
1503719,752,24,23,no_image.png
1503720,752,24,23,no_image.png
1503721,752,24,23,no_image.png
1503722,752,24,23,no_image.png
1503723,752,24,23,no_image.png
1503724,752,24,23,no_image.png
1503725,752,24,23,no_image.png
1503726,752,24,23,no_image.png
1503727,752,24,23,no_image.png
1503728,752,24,23,no_image.png
1503729,752,24,23,no_image.png
1503730,752,24,23,no_image.png
1503731,752,24,23,no_image.png
1503732,752,24,23,no_image.png
1503733,752,24,23,no_image.png
1503734,752,24,23,no_image.png
1503735,752,24,23,no_image.png
1503736,752,24,23,no_image.png
1503737,752,24,23,no_image.png
1503738,752,24,23,no_image.png
1503739,752,24,23,no_image.png
1503740,752,24,23,no_image.png
1503741,752,24,23,no_image.png
1503742,752,24,23,no_image.png
1503743,752,24,23,no_image.png
1503744,752,24,23,no_image.png
1503745,752,24,23,no_image.png
1503746,752,24,23,no_image.png
1503747,752,24,23,no_image.png
1503748,752,24,23,no_image.png
1503749,752,24,23,no_image.png
1503750,752,24,23,no_image.png
1503751,752,24,23,no_image.png
1503752,752,24,23,no_image.png
1503753,752,24,23,no_image.png
1503754,752,24,23,no_image.png
